<?xml version="1.0" encoding="UTF-8"?>
<project-private xmlns="http://www.netbeans.org/ns/project-private/1">
    <editor-bookmarks xmlns="http://www.netbeans.org/ns/editor-bookmarks/2" lastBookmarkId="0"/>
    <open-files xmlns="http://www.netbeans.org/ns/projectui-open-files/2">
        <group>
            <file>file:/C:/Users/erwin/OneDrive%20-%20ITPLN/SEMESTER%203/PBO/BigProject/src/AQUARIUM/aquarium.jpg</file>
            <file>file:/C:/Users/erwin/OneDrive%20-%20ITPLN/SEMESTER%203/PBO/BigProject/src/AQUARIUM/Clownfish.java</file>
            <file>file:/C:/Users/erwin/OneDrive%20-%20ITPLN/SEMESTER%203/PBO/BigProject/src/AQUARIUM/Aquarium.java</file>
            <file>file:/C:/Users/erwin/OneDrive%20-%20ITPLN/SEMESTER%203/PBO/BigProject/src/AQUARIUM/Ikan.java</file>
            <file>file:/C:/Users/erwin/OneDrive%20-%20ITPLN/SEMESTER%203/PBO/BigProject/src/AQUARIUM/Platy.java</file>
        </group>
    </open-files>
</project-private>
